Risk Area;Moyenne de ClaimInd;Moyenne de ClaimAmount
4;0.126681614349776;201.115013276794
5;0.0932370321733421;147.668310874744
6;0.084643605870021;214.002350890193
7;0.083360954590653;151.230873389163
8;0.0821692686935086;186.663001735236
9;0.0939809926082365;169.976945083377
10;0.100963644327639;289.391836151351
11;0.111372022811137;347.905659002484
