Étiquettes de lignes;OutUseNb Moyen;ClaimNbFireTheft Moyen;ClaimNbWindscreen Moyen;ClaimNbNonResp Moyen;ClaimNbParking Moyen;ClaimNbResp Moyen;DrivAge Moyen;BonusMalus Moyen;Exposure Moyen;LicAge Moyen
CSP1;0.298117154811715;0.0910041841004184;0.446652719665272;0.404811715481172;0.151673640167364;0.327405857740586;48.7958333333333;57.5916666666667;0.469533333333334;345.476041666667
CSP42;0.32;0.0630769230769231;0.612307692307692;0.476923076923077;0.106153846153846;0.344615384615385;49.2610687022901;54.8458015267176;0.443951145038168;350.225954198473
CSP46;0.385692068429238;0.0715396578538103;0.547433903576983;0.393468118195956;0.0528771384136858;0.356143079315708;48.3625192012289;57.1228878648233;0.484546850998464;338.964669738863
CSP48;0.417177914110429;0.0879345603271984;0.425357873210634;0.396728016359918;0.081799591002045;0.224948875255624;48.6599190283401;55.5263157894737;0.475206477732793;342.02024291498
CSP50;0.277541680287676;0.0856489048708728;0.426528277214776;0.341288002615234;0.0797646289637136;0.253269042170644;43.8257569640694;60.5135244247073;0.411801534113848;281.804198627372
CSP55;0.14018691588785;0.0551401869158879;0.394392523364486;0.299376947040498;0.0626168224299065;0.220560747663551;46.0825377271327;58.0277178934401;0.414936556821684;306.981521404373
CSP60;0.0640956971969291;0.0583824317086235;0.331190858775219;0.218532404927691;0.0930191037314765;0.267452240671309;69.0407368048176;51.8354587318456;0.422401523202272;529.890719093163
CSP66;0.312594840667678;0.127465857359636;0.590288315629742;0.468892261001517;0.112291350531108;0.374810318664643;52.8422619047619;57.0342261904762;0.463004464285715;393.693452380952
