;Proportion de sinistres;Montant sinistre moyen;Exposure moyenne par CSP
CSP1;0.13;3481.586221;0.46920921
CSP42;0.12;1498.900357;0.44403692
CSP46;0.13;1609.743632;0.48511042
CSP48;0.11;2218.113897;0.47056442
CSP50;0.1;2363.62973;0.40963616
CSP55;0.08;2006.085837;0.41265421
CSP60;0.08;2033.689594;0.42116961
CSP66;0.12;2062.402625;0.46013961
