Étiquettes de lignes;Moyenne de Exposure;Moyenne de LicAge;Moyenne de DrivAge;Moyenne de BonusMalus;Moyenne de OutUseNb;Moyenne de ClaimNbWindscreen;Moyenne de ClaimNbFireTheft;Moyenne de ClaimNbParking;Moyenne de ClaimNbNonResp;Moyenne de ClaimNbResp
4;0.441765695067266;367.539237668161;51.9910313901345;55.0381165919283;0.330717488789238;0.683856502242152;0.0347533632286996;0.0952914798206278;0.337443946188341;0.256726457399103
5;0.427568614576496;330.489822718319;48.236375574524;57.6112934996717;0.189757058437295;0.661851608667104;0.0709126723571898;0.0636900853578464;0.254103742613263;0.254760341431385
6;0.421274371069186;355.113731656184;50.5964360587002;56.8265199161426;0.186844863731656;0.473794549266247;0.0600104821802935;0.0539832285115304;0.294025157232704;0.241090146750524
7;0.406028007954927;350.086012595293;50.2727875372887;56.9855817036792;0.18147166058999;0.435200530328141;0.0788863109048724;0.0822008617832284;0.28538283062645;0.258534968511767
8;0.422495480690223;338.620377978636;49.4675431388661;58.7838948233361;0.250616269515201;0.453574363188168;0.0706655710764174;0.0755957271980279;0.285127362366475;0.278553820870994
9;0.422486536430837;347.210137275607;50.3717001055966;57.7631995776135;0.214889123548046;0.337909186906019;0.0828933474128828;0.090285110876452;0.337381203801478;0.259503695881732
10;0.43147766097241;349.351949189663;50.6018396846255;58.0738063950942;0.267411300919842;0.337056504599212;0.0897941305300044;0.0900131406044678;0.369689005694262;0.273762593079282
11;0.421867158671589;346.50218047635;50.5239852398524;60.7993961757799;0.282791009728279;0.307279436430728;0.0882254277088225;0.12110030191211;0.393156658839316;0.310969473331097
